fv_heavy_aho,fv_light_aho,fv_heavy_aho_seed,fv_light_aho_seed
-CTADKV-IYQCFYCL-MTMS--VELCFRCMH-SQDTHMP-EDMEMWCPMSDNAFCHTIDAKKPIIHNTGVHWSAHLIRGNQVENTAY-SEIRTETYWYVKKKD-R-WRYCKYRNWHTMGDVDVQFWLRINHEIIMHCQGDPFFEYAEW,DPKWSKSERMTKIIFHKP-SQTDAYHVRHFHTAEQHKMV-QKIDSLQHQEVMRIH-PQEAF-WHPTQQFMPVRNKSVSRAHETCLSDCCREG-PVRMQR-WVAIPVIDFSYSDEKNLPLVYGDND-MVGNCEFLECVHQSKSCKYPIT,-CTADKV-IYQCFYCL-MTMS--VELCFRCMH-SQDTHMP-EDMEMWCPMSDNAFCHTIDAKKPIIHNTGVHWSAHLIRGNQVENTAY-SEIRTETYWYVKKKD-R-WRYCKYRNWHTMGDVDVQFWLRINHEIIMHCQGDPFFEYAEW,-CTADKV-IYQCFYCL-MTMS--VELCFRCMH-SQDTHMP-EDMEMWCPMSDNAFCHTIDAKKPIIHNTGVHWSAHLIRGNQVENTAY-SEIRTETYWYVKKKD-R-WRYCKYRNWHTMGDVDVQFWLRINHEIIMHCQGDPFFEYAE
VWQVYTQMASKITIHWGQAGWNE--QKQMDKWVLLEDWMCKAANALDEQVSNMYRANQNAFGDKYS-IALFGSKDIPPCIPL-WEAHFGKSHLECFKVAGTHWYSHDVDHMQHPGLSRDGHAMMPLSLM-SIRQFKHA-AVNPWSACAV,QNYKAPFRSKASGS-SRDVMPSML-NDPQ-WLIG-YMPVE-FAPH-GMYWM-DEHWI-IWNCQWCKRWMKRKLFLIWIIYYMIQCVPRSEIHMCMQIRCHMQGK-LARPYFF-NWGVEHFQGIIQHHCRNSMPWLKRVMIDC-KNVYQ,VWQVYTQMASKITIHWGQAGWNE--QKQMDKWVLLEDWMCKAANALDEQVSNMYRANQNAFGDKYS-IALFGSKDIPPCIPL-WEAHFGKSHLECFKVAGTHWYSHDVDHMQHPGLSRDGHAMMPLSLM-SIRQFKHA-AVNPWSACAV,VWQVYTQMASKITIHWGQAGWNE--QKQMDKWVLLEDWMCKAANALDEQVSNMYRANQNAFGDKYS-IALFGSKDIPPCIPL-WEAHFGKSHLECFKVAGTHWYSHDVDHMQHPGLSRDGHAMMPLSLM-SIRQFKHA-AVNPWSACA
AGDEKETACIKFARCNSHFRRFQGDGA-HFGTHDEEMEHVMHSNCWCQHACIYIW-AECNEWHLWVQVQGFITYG-FHKSCLFGDSQRYGAKHFQCDNYRLLSYYQFSVPVNGIETGNN-IKYGRSQDPCHCSVNIGPFYWIEAQTDLI,-ENSTCYVPEWTKIMIPDRANTPTSQWSY-ARGSLNCWPQFQVDINDACRNFHFFWVICWQMDFEKEGYQCERWWWYCC-QSAASSNCPPITPYAITEMMPQNHPWQEMPEKIYLGPDT--SNNWHDMMCMQVLAAARILAI-GTKYC,AGDEKETACIKFARCNSHFRRFQGDGA-HFGTHDEEMEHVMHSNCWCQHACIYIW-AECNEWHLWVQVQGFITYG-FHKSCLFGDSQRYGAKHFQCDNYRLLSYYQFSVPVNGIETGNN-IKYGRSQDPCHCSVNIGPFYWIEAQTDLI,AGDEKETACIKFARCNSHFRRFQGDGA-HFGTHDEEMEHVMHSNCWCQHACIYIW-AECNEWHLWVQVQGFITYG-FHKSCLFGDSQRYGAKHFQCDNYRLLSYYQFSVPVNGIETGNN-IKYGRSQDPCHCSVNIGPFYWIEAQTDL
QRCWWFGYHVEHESGRWPKHKMN-FCSQQKNNVTQKIEMWE-IYIVLASYLQCKMFQ-RTYMLCHWGHCDNRIPCCALVHGQKYIWYLQHESQKYKWQKEYPSLAQ-WRCPSVPRSSYALR-QIWDWVQCMYSNGVC-DILIVRWWHNE,RP-DKPTEHYIWCKEPGHRHQ-MTQYARPWYVDWDNTNFRICGPLQWN-D-SRLHKIVISETDLNRQQARDDCRGPFDEGACN--TMWGSGENNDYMNKHFAMCIFCPMFHKHAGFHRECPQ-YWMMAEQQMNASTELNN-RMGLLWQ,QRCWWFGYHVEHESGRWPKHKMN-FCSQQKNNVTQKIEMWE-IYIVLASYLQCKMFQ-RTYMLCHWGHCDNRIPCCALVHGQKYIWYLQHESQKYKWQKEYPSLAQ-WRCPSVPRSSYALR-QIWDWVQCMYSNGVC-DILIVRWWHNE,QRCWWFGYHVEHESGRWPKHKMN-FCSQQKNNVTQKIEMWE-IYIVLASYLQCKMFQ-RTYMLCHWGHCDNRIPCCALVHGQKYIWYLQHESQKYKWQKEYPSLAQ-WRCPSVPRSSYALR-QIWDWVQCMYSNGVC-DILIVRWWHN
INNDKSHMWMGRNQDYLMP-EMS-WRHLKPYMYITEWHIDKQGDQV-E-KPIFEMFLFC-IFADPKYKTWQK-PKDVFALKTEDYGEGGVFAIQGHLQETSSFFLEQF---LFGFDLNFIWARIE-TMAGDNATYNKQDPTQDMAAQGS,WCVVYWTGEYQRLIFMLYNYLTVVGKDQWQNARESHA-WNNGAKPMEDNMEDTSPMHETNCYLRSCPQDEP-CWIPCGWWCAWLLHTMPLKQALQHTSRKIGIPFTARPPPMHFPGTNALSMPWFSSLEHQFEGTQDFEHEMMHAMAL,INNDKSHMWMGRNQDYLMP-EMS-WRHLKPYMYITEWHIDKQGDQV-E-KPIFEMFLFC-IFADPKYKTWQK-PKDVFALKTEDYGEGGVFAIQGHLQETSSFFLEQF---LFGFDLNFIWARIE-TMAGDNATYNKQDPTQDMAAQGS,INNDKSHMWMGRNQDYLMP-EMS-WRHLKPYMYITEWHIDKQGDQV-E-KPIFEMFLFC-IFADPKYKTWQK-PKDVFALKTEDYGEGGVFAIQGHLQETSSFFLEQF---LFGFDLNFIWARIE-TMAGDNATYNKQDPTQDMAAQG
HKMTFCQYLQDPHDWIRLKREKGWLMWMCWRYVVCLAYH-DWREPS-IQRESA-GFQDGWAENHAKFVSE-MDRFHNTATCKLGEKKCVEIVVLNPMNKAEDP-AQTIPHWTWSYQYMSNVKNWTHMNIGRKYDKSQHMGHMKVQFPLC,V-LKFMPVKQKHAEENYCRPGHDSWKNAMHQFEHDQTVFCAYNMWRWEGIEG-WEFQPPISMR-FWATVGRGRYMIRIYGTETYWINIRQAPRTTTHDTESAFGVVMHHECNGRAKMDSCPSYCYRHGSVQM---DH-WECGPEALYS,HKMTFCQYLQDPHDWIRLKREKGWLMWMCWRYVVCLAYH-DWREPS-IQRESA-GFQDGWAENHAKFVSE-MDRFHNTATCKLGEKKCVEIVVLNPMNKAEDP-AQTIPHWTWSYQYMSNVKNWTHMNIGRKYDKSQHMGHMKVQFPLC,HKMTFCQYLQDPHDWIRLKREKGWLMWMCWRYVVCLAYH-DWREPS-IQRESA-GFQDGWAENHAKFVSE-MDRFHNTATCKLGEKKCVEIVVLNPMNKAEDP-AQTIPHWTWSYQYMSNVKNWTHMNIGRKYDKSQHMGHMKVQFPL
FAHLAVWGEWMRRGQGLVMERQHGFLQLTYHMAYPANVCDVRFLDYYFAFYDRREHRPWFRDGNSYH-NMWGLDAAYRIDCGNGCELRYFIQTYKKTVHFLAQ-LFA-NYRPHVIKFPRPMSRYGQNRRSEVVSCPMLFFRI-PGNPNP,GYWEE-ETVS-ETVYLKWTIK-FYPTPRCYDNDWYIGKRHTYR-MM-VYIAKA-PYFIWVNQKS-LFCEYVPYTNHGNWWFLHYV-MTNRQLKPRLSNRN-VLPANVP-YCHASTRA-SGIAEAQVDVE-HTWI-IVEVRPVS-FYHN,FAHLAVWGEWMRRGQGLVMERQHGFLQLTYHMAYPANVCDVRFLDYYFAFYDRREHRPWFRDGNSYH-NMWGLDAAYRIDCGNGCELRYFIQTYKKTVHFLAQ-LFA-NYRPHVIKFPRPMSRYGQNRRSEVVSCPMLFFRI-PGNPNP,FAHLAVWGEWMRRGQGLVMERQHGFLQLTYHMAYPANVCDVRFLDYYFAFYDRREHRPWFRDGNSYH-NMWGLDAAYRIDCGNGCELRYFIQTYKKTVHFLAQ-LFA-NYRPHVIKFPRPMSRYGQNRRSEVVSCPMLFFRI-PGNPN
VVIQDHRVAFNLCDQ-KRMHEMTFMHLHFDPVVYFGDALDYDMHFISQRIAMRLVNRGTAA-WWSWLTDGVEPNTRGGPCTKVLPW-TILIFCDYFHNNPCGT-QGHPTPHAEKCGCESFMY-CYGFYPPDRL-TDDSKGLGGVY-GYI,DSTVNVWNETDTANMLFICW-N-V-TAFCPLRSW-KVNMYSTHDNLCNH-FYEIHSPTDMCQFVYFL-PYEKPMLLGDDVEVHWFGYLTPFMIEFGLEPLDRSLVREC-DKCKEGADESQ-KE-CMD-QTYIHNEYGKIWNCKNVCKV,VVIQDHRVAFNLCDQ-KRMHEMTFMHLHFDPVVYFGDALDYDMHFISQRIAMRLVNRGTAA-WWSWLTDGVEPNTRGGPCTKVLPW-TILIFCDYFHNNPCGT-QGHPTPHAEKCGCESFMY-CYGFYPPDRL-TDDSKGLGGVY-GYI,VVIQDHRVAFNLCDQ-KRMHEMTFMHLHFDPVVYFGDALDYDMHFISQRIAMRLVNRGTAA-WWSWLTDGVEPNTRGGPCTKVLPW-TILIFCDYFHNNPCGT-QGHPTPHAEKCGCESFMY-CYGFYPPDRL-TDDSKGLGGVY-GY
EECA-DNQSR--LCT-IYSWCFYIGNEAWPHVTLTGTN-YWTRAKICWCWAHSTMTVVISNVATRHAQRSCYMW-TP-CRQRYMCDTWKQCYGRDDQ-IYQMVILHDMGEDTWSET-NDSLITFRNQTWNRMMIQWDA-DCEYLLHKGG,VHTNFHIERMMENVRYDV-RGAVMFMEVWVTWA-KDTSWCEGNVAKQFWCHYFHFIAYVHLLKDNMPYRGQRMCPVQNHA-FTRCCQV-MKAFQSNETWLHKTYIAEHVGIEHVALSWTLEWDIKYH-KPWKHTYMHSVWFSKNRMES,EECA-DNQSR--LCT-IYSWCFYIGNEAWPHVTLTGTN-YWTRAKICWCWAHSTMTVVISNVATRHAQRSCYMW-TP-CRQRYMCDTWKQCYGRDDQ-IYQMVILHDMGEDTWSET-NDSLITFRNQTWNRMMIQWDA-DCEYLLHKGG,EECA-DNQSR--LCT-IYSWCFYIGNEAWPHVTLTGTN-YWTRAKICWCWAHSTMTVVISNVATRHAQRSCYMW-TP-CRQRYMCDTWKQCYGRDDQ-IYQMVILHDMGEDTWSET-NDSLITFRNQTWNRMMIQWDA-DCEYLLHKG
AMNQDVIQPTYHNGLWQCTHCAKEKAQESSIP-SEYLRIMPVQD-WGALL-KAIMTTWCEMQYFMHLMEVWHTMFN-G-QNFP-ESI-NVRELTDQTNRI-VVDQQLDT-IDMNNALEVEVEIWHWYYTIMWPCIAILFVYPLPAVATG,HEMYPLQMPFLGVYRDKVGMTCWA-VRHWVTGKKPKYYNLMDQHCDLTWSQSVGFNLKHRINCGTNRHEMMPRK-STWYQEVVSNWCQRDMKGQMSYN-TTVWLDAMAKFNYPPGRH-FFFLEATYHDDSCTNLDPYGFIVAYP-A-F,AMNQDVIQPTYHNGLWQCTHCAKEKAQESSIP-SEYLRIMPVQD-WGALL-KAIMTTWCEMQYFMHLMEVWHTMFN-G-QNFP-ESI-NVRELTDQTNRI-VVDQQLDT-IDMNNALEVEVEIWHWYYTIMWPCIAILFVYPLPAVATG,AMNQDVIQPTYHNGLWQCTHCAKEKAQESSIP-SEYLRIMPVQD-WGALL-KAIMTTWCEMQYFMHLMEVWHTMFN-G-QNFP-ESI-NVRELTDQTNRI-VVDQQLDT-IDMNNALEVEVEIWHWYYTIMWPCIAILFVYPLPAVAT
